driver_id,average_daily_deliveries
25651.0,92.449153
26223.0,71.991597
,71.675000
49258.0,12.642857
357.0,11.217391
