Year,Average_Inpatient_Cost,Average_Outpatient_Cost
2011,2626089.1414141413,443473.7083333333
2012,2547851.28,406864.6
2013,2335016.89,382465.44
2014,1541546.1721518987,343631.46428571426
2015,1520975.099730458,409001.4434685575
