State,total_not_in_labor_force_2015,Proportion_2015 (%),total_not_in_labor_force_2018,Proportion_2018 (%),Median_Income_2015,Median_Income_2018,Median_Income_Increase
Northern Mariana Islands,2968.0,25.7103,3662.0,28.518,66095.75,76290.75,10195.0
Virgin Islands,3659.0,33.5965,4083.0,31.9259,87984.66666666667,102002.33333333333,14017.6667
Puerto Rico,7946.0,30.3109,8088.0,30.515,66846.57142857143,70729.28571428571,3882.7143
