Month,Average_Pageviews_Per_Visitor_Non_Purchase,Average_Pageviews_Per_Visitor_Purchase
June-2017,4.045057329978671,0.43397929590719636
July-2017,4.163140910720685,0.4562652597790632
