SeriesInstanceUID,SeriesNumber,PatientID,SeriesSize_MiB
1.3.6.1.4.1.9328.50.17.168483002467658128179552595335197773420,102,RIDER-2796673129,52.6918
1.3.6.1.4.1.14519.5.2.1.3023.4024.516385546787261837605313262948,3,TCGA-QQ-A5V2,45.8524
1.3.6.1.4.1.14519.5.2.1.3320.3273.251546196874601864031101642989,2,C3N-05630,36.0557
1.3.6.1.4.1.14519.5.2.1.3320.3273.208769029916232937521564224777,2,C3N-03420,34.0519
1.3.6.1.4.1.14519.5.2.1.3320.3273.387196718454503935918643534434,2,C3N-02672,32.0489
