Symptom,2019_Average_Level,2020_Average_Level,Percentage_Increase
depression,6.008269230769231,5.780576923076922,-3.7896488813494327
anxiety,9.617884615384616,9.877307692307694,2.6972987023373993
