year,Average_Temperature,Average_Wind_Speed,Precipitation
2011,61.5,11.000000,0.12
2012,68.5,10.000000,0.0
2013,71.6,14.000000,0.02
2014,63.6,9.000000,0.01
2015,80.7,8.000000,0.0
2016,80.2,14.000000,0.1
2017,86.7,9.000000,0.0
2018,66.3,8.000000,0.0
2019,68.2,9.000000,0.37
2020,77.9,7.000000,0.05
