station_id,proportion
3036,0.75
3245,0.3971631205673759
255,0.19721115537848605
3266,0.14285714285714285
3040,0.125
3253,0.016129032258064516
3394,0.015625
3014,0.012345679012345678
3330,0.01171875
3257,0.011235955056179775
