Year,Average_First_Missed_Round,Average_Last_Missed_Round
1951,2.0,2.5
1955,3.0,5.0
1959,2.0,6.0
1964,4.666666666666667,6.0
1970,4.0,6.0
1974,10.0,10.5
1975,13.0,13.0
1981,7.0,7.0
1982,4.0,4.0
1984,12.0,15.0
1985,9.0,9.0
1989,9.0,9.666666666666666
1991,14.0,15.0
2001,8.0,12.0
2004,16.0,16.0
