Month,Group,Average_Pageviews_Per_Visitor
April-2017,Non-Purchase,3.9798882277405
April-2017,Purchase,25.889655172413793
July-2017,Non-Purchase,4.191840874707742
July-2017,Purchase,27.720954356846473
June-2017,Non-Purchase,4.074559876184947
June-2017,Purchase,25.735763097949885
May-2017,Non-Purchase,4.446640392565975
May-2017,Purchase,23.61137440758293
