SeriesInstanceUID,SeriesNumber,PatientID,SeriesSize_MiB
1.3.6.1.4.1.14519.5.2.1.3320.3273.120037091871492929992344591042,4,C3N-02592,2.5064
1.3.6.1.4.1.9328.50.17.60881917292062062752414872622321374441,200,RIDER-7363452790,2.0072
1.3.6.1.4.1.14519.5.2.1.2932.1975.179430188804820035130957919516,701,C3N-04167,2.0028
1.3.6.1.4.1.14519.5.2.1.6450.4007.465276809191898465167064891084,200,TCGA-61-2097,1.0083
1.3.6.1.4.1.14519.5.2.1.3320.3273.197390479282823305307552102603,200,C3N-01381,1.0083
