City,Difference_in_PM10
Paul Spur,96.05128205128206
Sacramento,68.50000000000001
Indio,67.30508474576273
