City,Difference_in_PM25
Not in a city,13.718982072992702
Bayamon,10.972975025125628
Bangor,9.710726619607843
