State,Total_Claim_Count,Total_Drug_Cost
CA,3725846,35073534.87
FL,2689327,21046051.189999986
NY,2606392,20729281.249999996
TX,2212275,17513523.7
PA,1760543,14121212.740000004
