microRNA_ID,T_STATISTIC
hsa-mir-1193,7.6752573235318655
hsa-mir-4511,3.190884229847699
hsa-mir-937,3.1713563668790177
hsa-mir-25,2.960466564299496
hsa-mir-4786,1.9857291378639612
hsa-mir-590,1.9495245882345105
hsa-mir-6889,1.8726288462408813
hsa-mir-6730,1.7037986920628758
hsa-mir-5191,1.6095604758552005
hsa-mir-21,1.5870561613922973
hsa-mir-92a-1,-1.6816894511340774
