Month,Per_Capita_Sales
Jan-2022,1.3019540578830198
Feb-2022,0.9624013357619914
Mar-2022,0.8532797004654927
Apr-2022,1.294869459623558
May-2022,1.0000080955272213
Jun-2022,0.8527787897186803
Jul-2022,1.163943533697632
Aug-2022,1.4592086622141267
Sep-2022,1.2634982797004655
Oct-2022,1.2022090669904881
Nov-2022,1.081511839708561
Dec-2022,1.6329821898401127
