customer_unique_id,average_payment_value,city,state
9a736b248f67d166d2fbb006bcb877c3,7.075454545454545,sao paulo,SP
569aa12b73b5f7edeaa6f2a01603e381,2.4107692307692306,sao paulo,SP
f9ae226291893fda10af7965268fb7f6,22.65521739130435,guarulhos,SP
