Year,State,Accidents_per_100000_people
2015,New Mexico,2.012646235385794
2015,Kentucky,1.541172460820121
2015,Montana,1.3153301731682763
2015,Louisiana,1.1324786796181048
2015,Wyoming,0.8910781689412922
2016,New Mexico,2.3859596500138043
2016,Kentucky,1.4795255623873163
2016,Kansas,1.1108663307406883
2016,Idaho,1.0845115168743613
2016,Louisiana,1.0515873453596685
