Type_of_Plot,Year,State,Average_Size
macroplot,2015,California,4937.295863300529
macroplot,2016,California,5128.199385365012
macroplot,2017,California,5043.937060736359
subplot,2015,Wyoming,7634.419129440119
subplot,2016,Alaska,15679.879103970106
subplot,2017,Wyoming,6284.7925181703895
