Year,Total_Building_Damage_Amount,Total_Contents_Damage_Amount
2010,2797530.7600000002,139075.24999999997
2011,23645269.400000002,1269742.2600000002
2012,1165486702.32,116827918.58000003
2013,135523.87,33383.4
2014,2807414.9699999997,146839.72000000003
2015,98081.56000000001,1877.25
2016,245333.81,8759.72
2017,162400.29,64867.35
2018,1372403.1400000001,71146.04000000001
2019,379094.77999999997,45791.87
