Borough,Number_of_Trees,Average_Mean_Income
Queens,256056,79312.57225763114
Brooklyn,184711,73675.97696942792
Staten Island,106374,94029.32783386917
