County_Name,State,Median_Age,Total_Population,Confirmed_Cases_per_100k,Deaths_per_100k,Case_Fatality_Rate
Franklin County ,MA,47.0,70529.0,605.4247189099519,89.32495852769783,14.7540984
Sussex County ,NJ,44.9,140996.0,980.8788901812818,139.72027575250362,14.2443962
Steuben County ,NY,42.9,95843.0,324.4890080652734,40.69154763519506,12.5401929
