Gene_Name,Expression_Variability
RPL7A,271.8505248992131
RPS23,57.6277868119463
KLF10,40.24494720910109
ITGB1,37.5904321215774
OGN,21.858019832187743
