browser,average_session_duration
Other,30120.762978538283
IE,30154.268480232136
Safari,30181.229601741813
