browser,average_session_duration
IE,24344163455.344070
Other,24405214604.629303
Safari,24483393353.105245
