product_id,Average_Forecasted_Annual_Sales_2018
4160,56.8233668244986
7790,20.256875312776685
