shot_type,avg_adjusted_x,avg_adjusted_y,avg_shot_attempts,avg_successful_shots
jump shot,211.25343780787446,297.7820679074626,673976,236174
layup,96.35235796498377,302.9383168189653,334759,183997
hook shot,124.90350309640448,304.56899898327015,10819,5184
dunk,90.50040861455629,301.2168060763388,41604,36850
tip shot,93.31835643895106,301.83831635209623,5987,3675
