shot_type,avg_adjusted_x,avg_adjusted_y,avg_shot_attempts,avg_successful_shots
dunk,90.50040861455629,301.2168060763388,6.162917,5.450173
hook shot,124.90350309640448,304.56899898327015,5.818005,2.721046
jump shot,211.25291442560925,297.78205423049815,73.789789,25.881211
layup,96.35235796498377,302.9383168189653,38.335857,20.881843
tip shot,93.31835643895106,301.83831635209623,3.081844,1.826958
