Borough,Trees_Count,Average_Mean_Income
Queens,253039,79312.57225763114
Brooklyn,179089,73675.97696942792
Staten Island,106374,94029.32783386917
