Quantile,Min_Trip_Duration_Minutes,Max_Trip_Duration_Minutes,Total_Trips,Average_Fare
Q1,0,5,32858299,5.536922113344942
Q2,5,7,32858299,6.594104233454081
Q3,7,10,32858298,8.081765095380169
Q4,10,14,32858298,10.333939078341794
Q5,14,22,32858298,16.00192136884266
Q6,22,60,32858298,33.77556546872878
