Board_Type,Average_Score
S,20.471182412358875
L,34.16923076923077
M,28.18181818181818
