State,Average_Median_Income_Difference,Average_Vulnerable_Employees
Georgia (U.S. state),16522.466666666667,890.8621058064837
District of Columbia,10497.681818181818,2241.63007981516
Massachusetts,9121.021442495126,1208.1343197539422
California,9077.418488444722,2350.5447899488217
New Jersey,8674.214788732394,1407.0383953967962
