Type_of_Plot,Year,State,Average_Size
macroplot,2015,California,5499.514912801828
macroplot,2016,California,5671.463217997726
macroplot,2017,California,5626.774530176072
subplot,2015,Maryland,10704.673854030492
subplot,2016,Connecticut,12248.799692410936
subplot,2017,Iowa,11712.025040553006
