driver_id,average_daily_deliveries
25651,92.47457627118644
26223,72.0672268907563
49258,12.678571428571429
357,11.217391304347826
41596,11.15625
