average,variance,max_min_difference,QTL_source
11.319791445971903,0.010891819552171,0.18130550835397585,PhLiPS
